,Cap,Deg,Inc-Trans,Out-Trans,Total-Trans
count,57590.0,57387.0,57590.0,57590.0,57590.0
mean,364.0084216009724,6.06095457159287,11.880986282340684,11.880986282340684,23.76197256468137
std,928.1052266258022,10.624423803392395,35.189009788630216,17.68855072118249,48.07728312538803
min,30.0,1.0,0.0,0.0,0.0
25%,30.0,2.0,0.0,1.0,7.0
50%,63.0,3.0,0.0,7.0,11.0
75%,249.0,6.0,9.0,13.0,21.0
max,9994.0,218.0,498.0,158.0,640.0
