,Cap,Deg,Inc-Trans,Out-Trans,Total-Trans
count,1040.0,1040.0,1040.0,1040.0,1040.0
mean,381.2634615384615,5.7846153846153845,11.833653846153846,11.833653846153846,23.66730769230769
std,962.8747630147767,8.65896220201547,30.748478559126234,17.125540593826052,42.805162008491244
min,30.0,1.0,0.0,0.0,1.0
25%,30.0,2.0,0.0,1.0,7.0
50%,70.0,3.0,2.0,7.0,10.0
75%,275.75,5.0,9.0,14.0,22.0
max,9408.0,80.0,269.0,119.0,346.0
