,Opt budget,Cap,Deg,Inc-Trans,Out-Trans,Total-Trans
count,120.0,120.0,120.0,120.0,120.0,120.0
mean,0.9999999999999999,290.275,5.466666666666667,12.858333333333333,12.858333333333333,25.716666666666665
std,6.29538392938502,799.5103644726314,8.274627954604052,36.442955500374026,20.24567422759667,51.774264937359774
min,1.8977430041112544e-05,30.0,1.0,0.0,0.0,1.0
25%,0.0002980362572839,30.0,2.0,0.0,1.0,7.0
50%,0.00101799957279125,40.0,3.0,0.5,7.0,11.0
75%,0.00387974820031775,256.5,5.0,8.25,13.25,21.5
max,48.64182599388527,7891.0,66.0,238.0,130.0,368.0
