"CPU Time Used","Estimated Training Performance","Wallclock Time","Incumbent ID","Automatic Configurator (CPU) Time","Configuration..."
0.000000, 2147483648.000000, 0.012993, 1, 0.012993, x0='-0.21980144549161196', x1='7.335338136181235'
0.002898, 5311.561922, 0.025529, 1, 0.022630, x0='-0.21980144549161196', x1='7.335338136181235'
0.008900, 4744.681027, 0.304026, 2, 0.295126, x0='0.666692873028599', x1='7.332563252406933'
0.015450, 939.325518, 0.636971, 3, 0.621521, x0='2.263660637291685', x1='8.186395068270798'
0.018694, 920.086203, 0.650589, 4, 0.631895, x0='2.2708123182821804', x1='8.187217627538942'
