{"cpu_time": 0.0, "wallclock_time": 0.01299285888671875, "evaluations": 0, "cost": 2147483648, "incumbent": ["x0='-0.21980144549161196'", "x1='7.335338136181235'"], "origin": "Sobol"}
{"cpu_time": 0.0028984546661376953, "wallclock_time": 0.025528669357299805, "evaluations": 1, "cost": 5311.56192211523, "incumbent": ["x0='-0.21980144549161196'", "x1='7.335338136181235'"], "origin": "Sobol"}
{"cpu_time": 0.008899688720703125, "wallclock_time": 0.30402588844299316, "evaluations": 3, "cost": 4744.681027401659, "incumbent": ["x0='0.666692873028599'", "x1='7.332563252406933'"], "origin": "Local Search"}
{"cpu_time": 0.015450000762939453, "wallclock_time": 0.6369714736938477, "evaluations": 5, "cost": 939.3255175089282, "incumbent": ["x0='2.263660637291685'", "x1='8.186395068270798'"], "origin": "Local Search"}
{"cpu_time": 0.018694400787353516, "wallclock_time": 0.6505894660949707, "evaluations": 6, "cost": 920.0862033799388, "incumbent": ["x0='2.2708123182821804'", "x1='8.187217627538942'"], "origin": "Local Search"}
