"CPU Time Used","Estimated Training Performance","Wallclock Time","Incumbent ID","Automatic Configurator (CPU) Time","Configuration..."
0.000000, 2147483648.000000, 0.010600, 1, 0.010600, x0='-0.21980144549161196', x1='7.335338136181235'
0.008751, 5311.561922, 0.031666, 1, 0.022915, x0='-0.21980144549161196', x1='7.335338136181235'
0.023109, 4744.681027, 0.281302, 2, 0.258193, x0='0.666692873028599', x1='7.332563252406933'
0.039315, 939.325518, 0.615941, 3, 0.576626, x0='2.263660637291685', x1='8.186395068270798'
0.046571, 920.086203, 0.635443, 4, 0.588872, x0='2.2708123182821804', x1='8.187217627538942'
