"CPU Time Used","Estimated Training Performance","Wallclock Time","Incumbent ID","Automatic Configurator (CPU) Time","Configuration..."
0.000000, 2147483648.000000, 0.010704, 1, 0.010704, x0='-0.21980144549161196', x1='7.335338136181235'
0.004065, 5311.561922, 0.022790, 1, 0.018725, x0='-0.21980144549161196', x1='7.335338136181235'
0.010714, 4744.681027, 0.271519, 2, 0.260805, x0='0.666692873028599', x1='7.332563252406933'
0.017705, 939.325518, 0.570292, 3, 0.552587, x0='2.263660637291685', x1='8.186395068270798'
0.021089, 920.086203, 0.582874, 4, 0.561785, x0='2.2708123182821804', x1='8.187217627538942'
