{"cpu_time": 0.0, "wallclock_time": 0.01070404052734375, "evaluations": 0, "cost": 2147483648, "incumbent": {"x0": -0.21980144549161196, "x1": 7.335338136181235}, "budget": 0, "origin": "Sobol"}
{"cpu_time": 0.004064798355102539, "wallclock_time": 0.022789716720581055, "evaluations": 1, "cost": 5311.56192211523, "incumbent": {"x0": -0.21980144549161196, "x1": 7.335338136181235}, "budget": 0, "origin": "Sobol"}
{"cpu_time": 0.010713815689086914, "wallclock_time": 0.2715187072753906, "evaluations": 3, "cost": 4744.681027401659, "incumbent": {"x0": 0.666692873028599, "x1": 7.332563252406933}, "budget": 0, "origin": "Local Search"}
{"cpu_time": 0.01770496368408203, "wallclock_time": 0.5702922344207764, "evaluations": 5, "cost": 939.3255175089282, "incumbent": {"x0": 2.263660637291685, "x1": 8.186395068270798}, "budget": 0, "origin": "Local Search"}
{"cpu_time": 0.02108931541442871, "wallclock_time": 0.5828742980957031, "evaluations": 6, "cost": 920.0862033799388, "incumbent": {"x0": 2.2708123182821804, "x1": 8.187217627538942}, "budget": 0, "origin": "Local Search"}
