{"cpu_time": 0.0, "wallclock_time": 0.010687112808227539, "evaluations": 0, "cost": 2147483648, "incumbent": {"x0": -0.21980144549161196, "x1": 7.335338136181235}, "budget": 0, "origin": "Sobol"}
{"cpu_time": 0.0036416053771972656, "wallclock_time": 0.022105932235717773, "evaluations": 1, "cost": 5311.56192211523, "incumbent": {"x0": -0.21980144549161196, "x1": 7.335338136181235}, "budget": 0, "origin": "Sobol"}
{"cpu_time": 0.010324954986572266, "wallclock_time": 0.2774925231933594, "evaluations": 3, "cost": 4744.681027401659, "incumbent": {"x0": 0.666692873028599, "x1": 7.332563252406933}, "budget": 0, "origin": "Local Search"}
{"cpu_time": 0.017148733139038086, "wallclock_time": 0.5848836898803711, "evaluations": 5, "cost": 939.3255175089282, "incumbent": {"x0": 2.263660637291685, "x1": 8.186395068270798}, "budget": 0, "origin": "Local Search"}
{"cpu_time": 0.020293235778808594, "wallclock_time": 0.5961267948150635, "evaluations": 6, "cost": 920.0862033799388, "incumbent": {"x0": 2.2708123182821804, "x1": 8.187217627538942}, "budget": 0, "origin": "Local Search"}
