"CPU Time Used","Estimated Training Performance","Wallclock Time","Incumbent ID","Automatic Configurator (CPU) Time","Configuration..."
0.000000, 2147483648.000000, 0.010687, 1, 0.010687, x0='-0.21980144549161196', x1='7.335338136181235'
0.003642, 5311.561922, 0.022106, 1, 0.018464, x0='-0.21980144549161196', x1='7.335338136181235'
0.010325, 4744.681027, 0.277493, 2, 0.267168, x0='0.666692873028599', x1='7.332563252406933'
0.017149, 939.325518, 0.584884, 3, 0.567735, x0='2.263660637291685', x1='8.186395068270798'
0.020293, 920.086203, 0.596127, 4, 0.575834, x0='2.2708123182821804', x1='8.187217627538942'
