{"sentinels": [0, 5, 10, 15, 20, 25, 30, 35, 40, 45, 50, 55, 60, 65, 70, 75, 80, 85, 90, 95, 100, 105, 110, 115, 120, 125, 130, 135, 140, 145, 150, 155, 160, 165, 170, 175, 180, 185, 190, 195, 200, 205, 210, 215, 220, 225, 230, 235, 240, 245, 250, 255, 260, 265, 270, 275, 280, 285, 290, 295, 300, 305, 310, 315, 320, 325, 330, 335, 340, 345, 350, 355, 360, 365, 370, 375, 380, 385, 390, 395, 400, 405, 410, 415, 420, 425, 430, 435, 440, 445, 450, 455, 460, 465, 470, 475, 480, 485, 490, 495, 500, 505, 510, 515, 520, 525, 530, 535, 540, 545, 550, 555, 560, 565, 570, 575, 580, 585, 590, 595, 600, 605, 610, 615, 620, 625, 630, 635, 640, 645, 650, 655, 660, 665, 670, 675, 680, 685, 690, 695, 700, 705, 710, 715, 720, 725, 730, 735, 740, 745, 750, 755, 760, 765, 770, 775, 780, 785, 790, 795, 800, 805, 810, 815, 820, 825, 830, 835, 840, 845, 850, 855, 860, 865, 870, 875, 880, 885, 890, 895, 900, 905, 910, 915, 920, 925, 930, 935, 940, 945, 950, 955, 960, 965, 970, 975, 980, 985, 990, 995, 1000, 1005, 1010, 1015, 1020, 1025, 1030, 1035, 1040], "mean": [10186.341638402031, 9694.634509114732, 9332.363998277267, 8856.762063715709, 8781.430906868478, 8523.728484462597, 8456.631901947098, 8260.72918605925, 8285.059791253525, 8091.457328139709, 8055.950941598636, 7990.827262355963, 7985.5513675105785, 7815.272575761024, 7811.27687068417, 7733.442272920664, 7780.156138795862, 7786.964664842302, 7741.907052555693, 7653.091871661982, 7755.209800488265, 7604.110279200776, 7745.460031647242, 7576.718280400998, 7587.600529173045, 7543.539077363779, 7649.5273533908485, 7700.2808321507, 7551.789165290488, 7730.096388527552, 7391.083700156201, 7509.423557468378, 7614.294196738304, 7582.094555140258, 7482.522186499722, 7655.31327221459, 7388.094229207041, 7312.768390251836, 7569.843512311474, 7430.780652384939, 7528.9817055550775, 7587.358921312181, 7382.715511895692, 7615.583892674368, 7479.897659816741, 7417.657012958279, 7497.577146306317, 7430.485312216158, 7551.181349815192, 7575.5991484768865, 7528.447035435316, 7520.304164609395, 7574.529200442531, 7513.27004067249, 7381.39862084951, 7480.467836881751, 7518.251315988015, 7523.877206241708, 7410.462074737322, 7522.470580164987, 7484.696069507913, 7480.219738759258, 7448.45329906065, 7423.6460537995845, 7578.243961077417, 7461.342596581428, 7466.413042154309, 7416.890196195501, 7511.934929069829, 7331.929720548273, 7474.53704015531, 7396.251862330268, 7516.978862366373, 7493.7333119355735, 7400.574022484981, 7372.531209462751, 7408.660793515129, 7389.795003474083, 7319.572143036886, 7413.477308071373, 7467.825793347778, 7588.478696334107, 7501.739696263772, 7434.964551674321, 7447.616677760647, 7398.79391415838, 7473.018128823768, 7481.359909756225, 7424.423661353752, 7371.252954526751, 7440.879759378988, 7487.99771889686, 7479.023555960349, 7534.6483429864165, 7470.610140724996, 7520.507230404976, 7428.252040325885, 7463.552280620289, 7387.663213333073, 7426.4356315311325, 7539.571689392454, 7477.585308520701, 7413.352156708747, 7585.16389434879, 7446.790861696837, 7417.971326170822, 7500.173531631373, 7419.192229871459, 7506.673898051833, 7590.050625854256, 7386.7951056089205, 7572.980473260843, 7415.569332839518, 7594.233669359671, 7571.966211141735, 7325.004944344247, 7534.386895162916, 7663.267385970417, 7380.5139148732615, 7528.323726313148, 7412.76659741318, 7493.182099970158, 7529.036091993982, 7554.6170001277505, 7475.5163181290445, 7475.073377067096, 7369.923027390361, 7603.415834079585, 7531.92551220862, 7493.25276661584, 7485.836031990924, 7536.580210119457, 7740.2779451873475, 7657.309752789911, 7630.606797034117, 7478.705970493507, 7420.962979369028, 7496.872173182044, 7549.8249451187185, 7467.460332249855, 7630.03228709818, 7600.128043097992, 7599.297165017346, 7597.297644205397, 7607.796786538083, 7566.727812539417, 7655.246697889021, 7613.12615356638, 7643.8633989145565, 7617.233862657025, 7694.770661004257, 7671.652224326129, 7778.016610646824, 7611.777693825908, 7634.870401521462, 7582.852277059374, 7647.239885049393, 7525.850810422731, 7664.286640083909, 7613.9878723044985, 7581.332229336055, 7598.304127693568, 7641.898202429381, 7639.532999107733, 7626.092120596802, 7716.558679896302, 7688.940414204062, 7690.973900318076, 7716.102866788652, 7574.331410421354, 7719.715596408916, 7638.575577486185, 7671.319927443535, 7591.436227828891, 7677.716885955913, 7630.107508448222, 7696.272252608029, 7632.206980444837, 7685.947810588504, 7639.249908373933, 7815.348739819023, 7757.09069266181, 7572.872021620939, 7669.107926003422, 7897.841820048803, 7723.834614280058, 7682.35098051314, 7682.996722007716, 7596.556540599654, 7809.451306464196, 7621.280119694812, 7706.93719843793, 7665.120995023042, 7641.5715334262, 7785.372683045077, 7840.172057006725, 7619.871720105968, 7741.892009929819, 7656.17018471831, 7738.742271873249, 7794.178534087954, 7844.391169780553, 7826.180631135083, 7803.882863128421, 7769.281230773123, 7679.3948388379995, 7706.304804985441, 7868.774964711942, 7866.595519263494],