{"sentinels": [0, 5, 10, 15, 20, 25, 30, 35, 40, 45, 50, 55, 60, 65, 70, 75, 80, 85, 90, 95, 100, 105, 110, 115, 120, 125, 130, 135, 140, 145, 150, 155, 160, 165, 170, 175, 180, 185, 190, 195, 200, 205, 210, 215, 220, 225, 230, 235, 240, 245, 250, 255, 260, 265, 270, 275, 280, 285, 290, 295, 300, 305, 310, 315, 320, 325, 330, 335, 340, 345, 350, 355, 360, 365, 370, 375, 380, 385, 390, 395, 400, 405, 410, 415, 420, 425, 430, 435, 440, 445, 450, 455, 460, 465, 470, 475, 480, 485, 490, 495, 500, 505, 510, 515, 520, 525, 530, 535, 540, 545, 550, 555, 560, 565, 570, 575, 580, 585, 590, 595, 600, 605, 610, 615, 620, 625, 630, 635, 640, 645, 650, 655, 660, 665, 670, 675, 680, 685, 690, 695, 700, 705, 710, 715, 720, 725, 730, 735, 740, 745, 750, 755, 760, 765, 770, 775, 780, 785, 790, 795, 800, 805, 810, 815, 820, 825, 830, 835, 840, 845, 850, 855, 860, 865, 870, 875, 880, 885, 890, 895, 900, 905, 910, 915, 920, 925, 930, 935, 940, 945, 950, 955, 960, 965, 970, 975, 980, 985, 990, 995, 1000, 1005, 1010, 1015, 1020, 1025, 1030, 1035, 1040], "mean": [11634.800718188086, 9102.142600231482, 8119.6481623987775, 7564.992067271148, 7247.744976416008, 6993.273690030948, 6865.657107136958, 6770.908281677589, 6682.408605109502, 6646.317066569679, 6625.823518504418, 6599.811749343049, 6596.768677906204, 6603.514037177632, 6574.697889269915, 6574.699990590502, 6627.790363409792, 6604.716981174714, 6665.593680605389, 6675.564608417142, 6631.294047556283, 6699.18913170447, 6657.143761120398, 6710.030385036753, 6728.674849092124, 6784.046465220959, 6769.40834725167, 6757.539313343513, 6789.024355235745, 6835.843125429613, 6880.067726692421, 6894.609453079901, 6906.679098872754, 6955.246294670413, 6960.367419076676, 6930.399961220116, 6958.397125111584, 6930.224123089492, 7010.227544585785, 6979.001359928, 7011.488864131438, 7060.749839493721, 7021.736122836354, 7081.88693004618, 7067.248709482129, 7121.89197685789, 7170.059843634107, 7111.063055253844, 7143.265222473907, 7187.0538006854595, 7100.184714345445, 7216.442124666371, 7202.251219818821, 7230.794391771077, 7263.095403594554, 7181.391293563564, 7244.133446124402, 7265.322541718134, 7313.865166776973, 7356.1150997119785, 7360.24798495618, 7373.096265516453, 7423.632320285471, 7379.217620079184, 7433.7622892207255, 7408.650495777551, 7461.878795430883, 7443.75541283068, 7424.338225051927, 7388.208298638257, 7405.539010998231, 7517.768940152883, 7462.057621138631, 7434.962307342712, 7603.010578622926, 7508.50904674242, 7525.426620919268, 7603.148168014284, 7599.536086429825, 7588.412535354191, 7561.994927386794, 7628.450760366146, 7641.188973273479, 7653.048984505772, 7645.3516956090625, 7618.966893610082, 7674.850440894575, 7635.688628512206, 7779.728981393515, 7740.580795618748, 7746.636962269322, 7689.869818114355, 7734.256564810133, 7739.056232390452, 7761.875252467251, 7766.737267733601, 7785.583303675787, 7749.8000315347135, 7757.217287767803, 7866.912893429237, 7754.46366136463, 7848.257637868626, 7855.980403426951, 7887.755907254621, 7921.558546795377, 7898.767736194163, 7843.79509431236, 7854.956782158614, 7921.516872525909, 7879.7997255553955, 7912.97048355659, 7942.296626236538, 7893.55015434697, 8036.032743310465, 7904.127329571668, 7992.846321302315, 7957.085967218795, 8067.030188707102, 8050.991383282891, 7986.741379376982, 8004.639637678409, 8034.614880765369, 8068.76709950732, 8113.617088721398, 8028.586443906227, 8062.882057062196, 8157.0433536555365, 8042.6027473804625, 8051.295336005996, 8128.251844150059, 8123.3501991368175, 8125.009905840391, 8152.895290955744, 8161.273880032678, 8172.164950316455, 8211.008336856301, 8196.140811367306, 8187.676974584847, 8202.425687920433, 8120.785607264028, 8186.028545172432, 8255.148503043329, 8274.699452442614, 8222.354470623703, 8277.391527140604, 8405.727694424255, 8271.295246158963, 8273.886101611979, 8334.850163630235, 8312.479711920803, 8341.966650710418, 8369.81218052513, 8361.215133222591, 8360.319828035266, 8393.025657909051, 8380.014018930438, 8351.12489803673, 8420.704135956274, 8413.000058998952, 8358.585409323936, 8381.951182465666, 8436.155009238139, 8451.546895059648, 8397.625471450105, 8399.630364829585, 8518.256502592116, 8450.277178221078, 8427.079192847843, 8437.6205078182, 8528.667502547663, 8556.91170118853, 8517.846964640541, 8487.89614342534, 8495.470728538894, 8531.801429393154, 8469.346301623156, 8560.353564164407, 8547.52134234571, 8580.158740408058, 8551.75299015111, 8591.226979679925, 8600.691447100582, 8513.498602737416, 8625.090057335356, 8587.720066514023, 8682.00498868774, 8567.78433214243, 8625.04650214336, 8654.565331102998, 8633.222692320109, 8573.201939727414, 8632.591563248041, 8644.728196370006, 8608.765238569084, 8628.242742582775, 8625.37738883461, 8638.441427513631, 8623.23342737245, 8710.260227390585, 8680.935713006722, 8657.911340405159, 8661.248044663213, 8617.893742748276, 8695.956863921276, 8700.971295147783, 8651.074152421923, 8688.246168605272, 8691.391979413716, 8694.947347623278],