{"sentinels": [0, 5, 10, 15, 20, 25, 30, 35, 40, 45, 50, 55, 60, 65, 70, 75, 80, 85, 90, 95, 100, 105, 110, 115, 120, 125, 130, 135, 140, 145, 150, 155, 160, 165, 170, 175, 180, 185, 190, 195, 200, 205, 210, 215, 220, 225, 230, 235, 240, 245, 250, 255, 260, 265, 270, 275, 280, 285, 290, 295, 300, 305, 310, 315, 320, 325, 330, 335, 340, 345, 350, 355, 360, 365, 370, 375, 380, 385, 390, 395, 400, 405, 410, 415, 420, 425, 430, 435, 440, 445, 450, 455, 460, 465, 470, 475, 480, 485, 490, 495, 500, 505, 510, 515, 520, 525, 530, 535, 540, 545, 550, 555, 560, 565, 570, 575, 580, 585, 590, 595, 600, 605, 610, 615, 620, 625, 630, 635, 640, 645, 650, 655, 660, 665, 670, 675, 680, 685, 690, 695, 700, 705, 710, 715, 720, 725, 730, 735, 740, 745, 750, 755, 760, 765, 770, 775, 780, 785, 790, 795, 800, 805, 810, 815, 820, 825, 830, 835, 840, 845, 850, 855, 860, 865, 870, 875, 880, 885, 890, 895, 900, 905, 910, 915, 920, 925, 930, 935, 940, 945, 950, 955, 960, 965, 970, 975, 980, 985, 990, 995, 1000, 1005, 1010, 1015, 1020, 1025, 1030, 1035, 1040], "mean": [12925.503109302073, 8976.417180199056, 8063.775893530239, 7401.224190970147, 7026.791502581664, 6921.711518392184, 6791.080036067251, 6778.3771129241595, 6791.220436515273, 6745.418824789268, 6711.415174492891, 6713.513752364428, 6605.708005845084, 6639.758595779722, 6803.284786952501, 6740.87157351369, 6745.456810811511, 6738.983569121141, 6837.195882645105, 6846.947811261585, 6845.6351521549095, 6623.206872706263, 6832.991104772813, 6900.601551741654, 6900.596560277066, 6832.8449702226535, 6771.6214097944985, 6899.134160804611, 7020.9929056360115, 6855.591181084335, 7042.845071913553, 7054.246833680995, 7085.559933349527, 7159.009511444041, 7062.635437074441, 7107.160995804934, 7049.137832549655, 7131.56183735961, 6991.994923385978, 7173.382911034094, 7279.70160479276, 7265.629617271122, 7288.254215266537, 7196.014696915633, 7240.881797281704, 7204.69196042007, 7180.099350017985, 7238.173086027019, 7252.3441844010695, 7344.660632317928, 7484.282910410789, 7367.325438261636, 7533.885596647751, 7453.083861529543, 7433.292740721979, 7425.798932832925, 7509.255901677102, 7510.723275761487, 7584.3598554715045, 7579.914770294766, 7556.773308639757, 7729.521369371086, 7567.346063981736, 7698.142908111814, 7586.8320272689325, 7537.234121426599, 7672.412699122842, 7726.52096080238, 7649.894846623316, 7511.233732384925, 7765.475476239925, 7647.015334308384, 7846.202386006828, 7794.094852045331, 7749.688574945462, 7668.1600090812335, 7875.08592970631, 7825.829871398213, 7732.299460642496, 7836.720021502348, 7924.7064953235495, 7823.249790530586, 7730.906267312643, 7793.367405834649, 7902.416650675395, 7996.983833557493, 7773.720818136714, 8027.804359737143, 8083.543706143497, 7976.973972783749, 7858.632171948826, 7943.325270123059, 7937.67876305504, 8046.265036650064, 8026.479726977106, 8028.957149852734, 7952.838175130198, 8036.5216693907905, 7971.74614722381, 8146.630973679992, 7985.7564251105905, 8213.141136775464, 8106.137954277669, 8169.614801324847, 8209.414635146355, 8094.6675933930055, 8161.623073310259, 8080.714617146036, 8133.162283736207, 8253.902636971072, 8052.191544338732, 8217.62095364211, 8336.226701616964, 8265.220869839266, 8270.430299393913, 8287.776943569488, 8254.058927423765, 8180.763280039923, 8319.074679958558, 8456.949998803779, 8362.580934637514, 8319.875119752376, 8309.170877602512, 8360.246965209086, 8350.533155110934, 8170.151993192512, 8492.537235798543, 8138.1556508160065, 8341.761691337466, 8366.889200413694, 8302.57307504763, 8221.573943387248, 8377.54422539126, 8475.808470157544, 8440.158701102813, 8433.41981135224, 8447.680020356307, 8518.45682478229, 8545.01744909456, 8474.097232665034, 8526.694690758555, 8355.593702076207, 8396.487715234323, 8575.213055606613, 8630.150281631162, 8546.074282873706, 8524.082968698684, 8600.80773880959, 8656.565444089803, 8589.911812568538, 8578.922793887947, 8559.979419007084, 8591.086745352823, 8547.525156822989, 8488.736734028216, 8538.005043401403, 8592.441252055249, 8756.704237280257, 8535.141318665901, 8712.509132515519, 8524.799023915984, 8655.955300163145, 8666.0549389242, 8781.5930290188, 8773.830720284348, 8679.287197860564, 8769.857456240992, 8727.328507958773, 8568.835255216683, 8850.09817402129, 8748.92125315569, 8758.000504448657, 8721.904921488825, 8816.335693115352, 8678.146000010493, 8775.857062880437, 8655.66357795245, 8897.699127211166, 8876.877400369855, 8686.076420184563, 8993.99528025645, 8762.284899704671, 8856.445456743077, 8783.426356104743, 8795.83347652209, 8921.876142921174, 8879.369299340431, 8752.813623460846, 8968.91961467312, 8956.959204540797, 8723.554150750975, 8898.113342801531, 8881.109388676474, 8881.378662977268, 8986.953374923185, 8896.134602731467, 8942.47058074328, 8890.88018937642, 8924.860973263261, 8898.2339119496, 8954.443473179328, 8993.683356792131, 9002.938831752292, 8941.443838125526, 9077.71373571914, 9003.84470763962, 8974.383402693778, 8999.860692290045, 9005.937136877958],