{"sentinels": [0, 5, 10, 15, 20, 25, 30, 35, 40, 45, 50, 55, 60, 65, 70, 75, 80, 85, 90, 95, 100, 105, 110, 115, 120, 125, 130, 135, 140, 145, 150, 155, 160, 165, 170, 175, 180, 185, 190, 195, 200, 205, 210, 215, 220, 225, 230, 235, 240, 245, 250, 255, 260, 265, 270, 275, 280, 285, 290, 295, 300, 305, 310, 315, 320, 325, 330, 335, 340, 345, 350, 355, 360, 365, 370, 375, 380, 385, 390, 395, 400, 405, 410, 415, 420, 425, 430, 435, 440, 445, 450, 455, 460, 465, 470, 475, 480, 485, 490, 495, 500, 505, 510, 515, 520, 525, 530, 535, 540, 545, 550, 555, 560, 565, 570, 575, 580, 585, 590, 595, 600, 605, 610, 615, 620, 625, 630, 635, 640, 645, 650, 655, 660, 665, 670, 675, 680, 685, 690, 695, 700, 705, 710, 715, 720, 725, 730, 735, 740, 745, 750, 755, 760, 765, 770, 775, 780, 785, 790, 795, 800, 805, 810, 815, 820, 825, 830, 835, 840, 845, 850, 855, 860, 865, 870, 875, 880, 885, 890, 895, 900, 905, 910, 915, 920, 925, 930, 935, 940, 945, 950, 955, 960, 965, 970, 975, 980, 985, 990, 995, 1000, 1005, 1010, 1015, 1020, 1025, 1030, 1035, 1040], "mean": [11601.104676476541, 8692.241530573705, 7385.924664562817, 6659.797061771347, 6228.42279296876, 5956.33552630184, 5811.848482003056, 5797.4705199336595, 5753.765458856488, 5773.872516131645, 5871.476020319825, 5916.561845834672, 5865.705420125942, 5948.211987256636, 5974.505798536161, 5961.243015250384, 6055.370206157919, 6045.717748201535, 6110.605236940002, 6105.872499764056, 6133.588861864329, 6148.496291663639, 6224.409234661359, 6270.050871078419, 6269.442426153271, 6298.27390033664, 6366.113405622273, 6354.916119390954, 6376.385591656456, 6426.725307102892, 6402.229699946047, 6472.068070570939, 6548.044939861424, 6513.130642257402, 6610.533872185758, 6623.27161386731, 6687.3554613253755, 6654.571135704505, 6670.510307591919, 6728.766560313626, 6763.070032739404, 6796.970190675416, 6792.850130318696, 6830.190560291106, 6851.377127473639, 6889.808970467654, 6869.858385423286, 6883.3397456033945, 7015.4067875992205, 7010.269410205266, 7033.436794972729, 7020.392608230282, 7092.110990300168, 7070.443198310369, 7155.473446804526, 7115.358910221426, 7110.102843243076, 7118.693688854163, 7152.346804921946, 7148.608988657433, 7273.340710633959, 7283.701447746782, 7232.085985414681, 7266.991213124236, 7320.54441118901, 7307.638147096342, 7348.25145810978, 7306.550226814204, 7343.560540407211, 7344.456570149858, 7400.8235198914745, 7448.2900031466115, 7404.330172763055, 7451.72854955639, 7481.275112204255, 7446.29211950856, 7483.909813535737, 7589.4562937773435, 7501.035204573007, 7518.179251356262, 7539.480273607336, 7584.860744314746, 7586.113618018209, 7603.286718441759, 7621.518244964199, 7717.520076358902, 7618.406142597466, 7589.984355882812, 7689.286709449088, 7658.737312838211, 7720.630269987217, 7669.334727389057, 7837.969341465312, 7722.324196630577, 7751.165744849809, 7794.936935420959, 7825.329825051292, 7764.77833932542, 7795.867340966212, 7782.092861793436, 7695.666837647931, 7812.326244843453, 7882.121399820471, 7791.446852963767, 7847.417809627943, 7864.632499488816, 7868.399428755137, 7843.307584863036, 7923.732860935233, 7927.003627764416, 7923.904880927546, 7901.511415420373, 7956.891886622675, 7976.1985952983305, 7986.647512193068, 8043.21991000251, 7972.2113264961845, 8059.111321423356, 8044.6727598439265, 8024.362641224753, 8050.2629863864695, 8058.030073948121, 8089.4784056528115, 8031.567881534322, 8073.399933771372, 8070.958253538545, 8175.560290779651, 8114.180119956636, 8295.557873466496, 8147.04337626071, 8146.827627067274, 8172.83291472116, 8159.4192906513, 8188.0533127987055, 8200.393117797175, 8200.047623738808, 8255.776464623534, 8206.451937906711, 8316.729196483637, 8205.425809537546, 8261.027890931633, 8247.682967641227, 8242.593436477335, 8210.039675958398, 8278.893060733271, 8255.905438707508, 8207.22466529467, 8335.321412540961, 8332.765614793127, 8238.72476961249, 8327.648444510154, 8361.682067502625, 8306.400072312423, 8307.51149480092, 8254.131967730294, 8301.694695783737, 8391.790160060002, 8363.475164982747, 8381.851707553522, 8312.841773692304, 8306.938658279323, 8348.089587198709, 8386.123703641208, 8454.646592831825, 8442.867296490727, 8378.272092991303, 8423.90506724414, 8455.187809610039, 8422.663661893523, 8490.968830220656, 8439.311092981101, 8422.80992233263, 8459.912873092559, 8346.716743938894, 8458.120077200316, 8468.660818305078, 8484.909908748925, 8515.977490696298, 8518.315343858085, 8536.4289449941, 8545.785014645784, 8572.108387679771, 8607.701012453954, 8549.659963129536, 8569.830249358782, 8549.154832591883, 8588.800403217987, 8605.204782316978, 8601.422820015072, 8608.358320152705, 8557.066615706668, 8555.682677110928, 8676.251536659507, 8598.337413021132, 8586.440777658288, 8588.756379133813, 8644.820233480741, 8650.733475928995, 8623.881618070687, 8643.963417731426, 8648.922497780592, 8579.394293555866, 8642.874413958129, 8627.205068356958, 8554.745728544072, 8687.152909931749, 8702.54605707337, 8624.568553755169, 8672.004307190195],