{"sentinels": [0, 1, 2, 3, 4, 5, 6, 7, 8, 9, 10, 11, 12, 13, 14, 15, 16, 17, 18, 19, 20, 21, 22, 23, 24, 25, 26, 27, 28, 29, 30, 31, 32, 33, 34, 35, 36, 37, 38, 39, 40, 41, 42, 43, 44, 45, 46, 47, 48, 49, 50, 51, 52, 53, 54, 55, 56, 57, 58, 59, 60, 61, 62, 63, 64, 65, 66, 67, 68, 69, 70, 71, 72, 73, 74, 75, 76, 77, 78, 79, 80, 81, 82, 83, 84, 85, 86, 87, 88, 89, 90, 91, 92, 93, 94, 95, 96, 97, 98, 99, 100, 101, 102, 103, 104, 105, 106, 107, 108, 109, 110, 111, 112, 113, 114, 115, 116, 117, 118, 119, 120], "mean": [6920.467745239901, 6103.902083193767, 5711.604157822195, 5475.617591424192, 5338.368410238369, 5216.840238678175, 5200.139714433773, 5159.780179960097, 5106.90000099317, 5115.775444794085, 5071.95622188906, 5093.117136152684, 5109.446942526588, 5142.823606623079, 5092.85276312323, 5109.665555866337, 5112.402033109034, 5172.0521295724475, 5149.819284401212, 5135.196026252263, 5178.8250449780935, 5177.052712114035, 5184.238043985584, 5197.6828957627185, 5215.585422186267, 5166.614239834311, 5237.192018525256, 5235.215568321164, 5221.069783089733, 5241.466454791059, 5278.652175903434, 5294.907661230705, 5287.378732496515, 5302.340998360599, 5286.807715807321, 5317.000662884096, 5331.271175593475, 5313.890182939196, 5353.236456954116, 5351.5822132623025, 5358.546279759985, 5389.549091438052, 5382.4351694303, 5394.475386012883, 5377.607174925175, 5353.5107609331, 5416.877555667676, 5423.960602337005, 5440.668482195601, 5416.916075484504, 5462.061150046883, 5428.186429196565, 5448.892786049362, 5441.237428389804, 5440.950028671563, 5491.531687624512, 5464.394697346056, 5504.369013031139, 5508.338655764982, 5491.506766952989, 5509.3499789666685, 5527.665774284911, 5527.347096461128, 5536.311834192215, 5527.206120016765, 5560.851194652528, 5556.519099242399, 5563.110864133749, 5595.028145661689, 5591.893406370872, 5584.932296602962, 5606.079360367106, 5546.085289025599, 5598.37580994857, 5653.192632453159, 5631.194482428791, 5619.392687915231, 5612.6950226233885, 5624.596665420157, 5662.249071427269, 5615.278092195298, 5655.143636226102, 5650.22416082225, 5646.32739826331, 5698.36900861516, 5673.81573224997, 5666.325329513082, 5643.91491709319, 5687.057572270662, 5690.8070780859725, 5686.370272516273, 5684.950814991972, 5688.981037660214, 5696.106205401852, 5726.260511341333, 5718.295114800969, 5710.644184215608, 5696.161667675212, 5761.1158404529315, 5702.043185386012, 5788.60574203578, 5737.343122073613, 5741.870867436435, 5751.090505966303, 5754.9475439309535, 5744.254751459895, 5771.4709733892705, 5742.07399999428, 5720.528630633801, 5779.1277002244115, 5776.157054397505, 5792.933884282755, 5798.2234518648565, 5784.585964139309, 5788.08427097282, 5814.263355234089, 5818.982160730176, 5792.539564132332, 5767.827344475378, 5801.798657365534, 5789.994561173035], "stderr": [313.0609943383027, 261.2679881407923, 234.5493267830234, 226.40364215402545, 222.4141216678552, 222.85296658815403, 222.5283507667283, 222.71058693643604, 218.29769337079478, 224.24656676480876, 221.68218754446738, 223.70859271784298, 229.1353827272647, 235.01181956905847, 232.05494608087878, 231.3677913195046, 231.7080438340805, 236.4570903387797, 237.35674148000624, 235.17018041032046, 237.62197672530692, 239.23720786381756, 237.33295995138542, 239.75342739069492, 239.7830546446825, 239.41517078318418, 243.24215261790079, 243.12952004276298, 241.0885205394361, 242.5870485471015, 242.09094022931887, 245.39783604102496, 246.79454981297243, 245.787476804096, 244.98654577567928, 247.40508065077682, 247.5110411064304, 247.15594049236222, 249.80311645365006, 249.5201626496809, 252.68331355231535, 251.3082076662406, 249.76508202857497, 249.55105242312658, 249.84888656031046, 247.308685371455, 251.15169670604095, 252.19635856938308, 254.65549799256829, 252.5602574340662, 256.017285045914, 254.88097291987106, 254.39132298054727, 251.91546666194623, 255.16303337884708, 255.02127088288557, 256.0592774680989, 258.5667545058893, 258.00366873824083, 256.978237272676, 259.3124346813945, 258.37905127435613, 258.41227583398745, 260.3181557468306, 261.5530278244109, 261.2470619916243, 265.65220252772684, 263.21543559208703, 263.44573033562386, 264.4299321538343, 263.729559053251, 263.63814418023054, 259.9332901891391, 264.7191347494538, 268.67256515929904, 266.0278502463265, 264.3474078213342, 260.590767544703, 263.6330111876428, 265.33110888917065, 260.5715488935844, 265.7379347573378, 264.9132769896047, 263.4429364176758, 269.2897087947483, 265.99396876983775, 264.9579620585153, 263.21598054619534, 267.4990194672522, 267.950425066172, 266.80426430669024, 268.70961593994843, 268.3150756457353, 269.1032966060418, 269.47684801370747, 266.62667329504353, 270.4491725012641, 267.74410832799134, 274.27168877538344, 269.0375703101501, 272.50705684484893, 268.409602826927, 271.4829654301295, 268.8788370622102, 271.62682494997915, 268.18724573662985, 271.0290882535008, 271.1611640274118, 269.02443814362795, 272.3595670650268, 273.2488417178518, 275.2747966176406, 272.8290411326167, 270.8337068359991, 271.0556085242045, 271.7482840268538, 272.7575214825205, 270.09187642343795, 272.56898344625955, 271.03494315486677, 269.6017096592497], "minimum": [10, 5071.95622188906], "n_nodes": 120, "n_runs": [100], "n_simulations": 1000, "graph_type": "syn", "scale_total_budget": 1, "step_size": 1, "statistic": "rms", "mode_choose_sentinels": "capacity"}