{"sentinels": [0, 1, 2, 3, 4, 5, 6, 7, 8, 9, 10, 11, 12, 13, 14, 15, 16, 17, 18, 19, 20, 21, 22, 23, 24, 25, 26, 27, 28, 29, 30, 31, 32, 33, 34, 35, 36, 37, 38, 39, 40, 41, 42, 43, 44, 45, 46, 47, 48, 49, 50, 51, 52, 53, 54, 55, 56, 57, 58, 59, 60, 61, 62, 63, 64, 65, 66, 67, 68, 69, 70, 71, 72, 73, 74, 75, 76, 77, 78, 79, 80, 81, 82, 83, 84, 85, 86, 87, 88, 89, 90, 91, 92, 93, 94, 95, 96, 97, 98, 99, 100, 101, 102, 103, 104, 105, 106, 107, 108, 109, 110, 111, 112, 113, 114, 115, 116, 117, 118, 119, 120], "mean": [6895.565992312007, 5394.968068644466, 4738.721517225477, 4476.953940765732, 4436.988558133868, 4491.1730979015665, 4502.317901907267, 4606.149633483139, 4641.937290217429, 4680.648293473728, 4707.504411830913, 4759.4981910506085, 4781.337338254735, 4788.181873027588, 4845.331594110149, 4865.839472050867, 4892.657900765741, 4927.225674023175, 4944.702498037571, 4954.19624551745, 4972.220784028379, 5003.178948080507, 5031.926862445229, 5044.72227169755, 5055.132269512497, 5101.639050205555, 5114.656022980305, 5130.688730345074, 5106.729028950748, 5155.695068978318, 5164.798712827926, 5177.356023410154, 5212.371615985875, 5229.704798411671, 5214.601655252343, 5247.201926677067, 5278.141602936499, 5275.594657117119, 5287.071805857381, 5303.315748131718, 5285.472048041362, 5309.325535748978, 5350.305640938364, 5344.1502533848725, 5356.823552371031, 5373.156687201641, 5402.758219862383, 5363.200775664292, 5381.515067286915, 5397.79205527059, 5431.845691800416, 5447.340325727207, 5457.082291190531, 5443.803187136043, 5452.41705379299, 5453.170520907159, 5461.206030433157, 5511.702589492259, 5491.883908156271, 5478.787992812552, 5512.70242168961, 5523.5355940715735, 5487.808963021755, 5487.051233387215, 5542.413871632754, 5573.102089250628, 5546.529733930856, 5586.135858933526, 5551.296116840865, 5572.085438670511, 5567.425735115274, 5594.93829046485, 5580.5616371190745, 5604.939026787466, 5629.277211365711, 5592.448237600821, 5596.939862911723, 5631.552169353235, 5643.058877354374, 5622.557637518987, 5623.098288864002, 5685.607325715029, 5649.111708902747, 5592.393121248153, 5658.652794408304, 5637.452416064079, 5661.413392497855, 5678.447918249706, 5636.256802928539, 5679.319625587456, 5708.195460337326, 5665.315498432473, 5667.742021764196, 5733.808587380335, 5666.914113114969, 5694.1675477228, 5705.987518097041, 5704.623804668732, 5712.849853198575, 5735.616325846121, 5714.249665810768, 5722.19096595746, 5722.236694575342, 5714.596835072692, 5752.1597063262225, 5734.964661414451, 5718.71437477511, 5772.68145895205, 5748.4034774717575, 5778.39442578375, 5743.459905089394, 5743.330010729011, 5798.8143458560135, 5803.051274997905, 5802.958919579129, 5754.748347871377, 5773.171770678886, 5758.611283740843, 5786.468658956617, 5747.217900135433, 5804.3328208149305], "stderr": [314.4213921874817, 252.2867108084418, 218.08920653345868, 206.58511162915426, 209.4383937649956, 211.9632426872892, 211.20692442230703, 216.4615353100862, 216.52237484830562, 218.2061766713215, 217.30252788057416, 222.95636068850743, 224.48532930752614, 224.1165532900572, 227.8189242176044, 229.11624967845324, 227.84842508560124, 229.38175883061453, 230.04285977353365, 231.8273717250078, 232.856593801349, 235.4548492891614, 237.3409035161303, 236.02368766903658, 235.94873426540116, 237.2969839636404, 239.77969588464256, 241.2822016475968, 237.40185094810897, 241.47151903993344, 241.285396341184, 244.88887628295953, 245.04006507096, 246.66620443350155, 242.82501414709068, 243.1422409720094, 247.1399739235926, 247.37830923150665, 246.7760635287791, 247.75488355848188, 249.1785202598255, 246.35857521629413, 251.76360805825544, 250.0027151034235, 253.3791487542435, 251.39812259627962, 254.0887914267977, 251.9641985444629, 253.5950990755139, 251.75255475175092, 253.6039172632941, 254.4864786727243, 255.7859822882667, 256.3006779121869, 259.68441952898945, 257.06121509876834, 256.8578624518827, 255.6648471316291, 260.582315795939, 259.1252523434493, 259.82416250136157, 261.0103261451228, 256.14495794478296, 258.01943544952684, 260.7807703286927, 263.13530959086137, 259.1679932049145, 262.5072389874162, 259.3669484237628, 261.9244379149338, 261.2565101115081, 262.47742589543117, 260.8171435877494, 262.8074740285728, 267.0584937525852, 264.1154406804373, 261.992392228201, 266.00475540922554, 266.93887288554646, 267.56748806406, 264.20420920478324, 267.97434947628307, 266.529092206182, 264.68669536525374, 265.01833432176045, 263.69218071202425, 266.65007609926073, 270.80267949513393, 262.4482010500464, 267.6305294803194, 270.2221131669059, 264.79861039136586, 266.4691343942561, 270.870831014661, 267.0806788784032, 265.95453199146516, 269.5626355674413, 271.43607310567666, 267.6426203526003, 270.2353962786527, 269.605812951372, 269.40828119432007, 268.03214064353034, 269.4257304417144, 271.39961931120445, 271.21897597588236, 268.12846459630254, 270.09485713066414, 271.11326837388873, 272.75623844603746, 270.1184034253965, 270.88010166787245, 273.69156611408783, 273.9552586386043, 274.8115738569899, 268.93788011376773, 272.8721879170627, 269.1944397576316, 273.5957528176907, 270.2139591749324, 271.40244793176817], "minimum": [4, 4436.988558133868], "n_nodes": 120, "n_runs": [100], "n_simulations": 1000, "graph_type": "syn", "scale_total_budget": 1, "step_size": 1, "statistic": "rms", "mode_choose_sentinels": "degree"}