{"sentinels": [0, 1, 2, 3, 4, 5, 6, 7, 8, 9, 10, 11, 12, 13, 14, 15, 16, 17, 18, 19, 20, 21, 22, 23, 24, 25, 26, 27, 28, 29, 30, 31, 32, 33, 34, 35, 36, 37, 38, 39, 40, 41, 42, 43, 44, 45, 46, 47, 48, 49, 50, 51, 52, 53, 54, 55, 56, 57, 58, 59, 60, 61, 62, 63, 64, 65, 66, 67, 68, 69, 70, 71, 72, 73, 74, 75, 76, 77, 78, 79, 80, 81, 82, 83, 84, 85, 86, 87, 88, 89, 90, 91, 92, 93, 94, 95, 96, 97, 98, 99, 100, 101, 102, 103, 104, 105, 106, 107, 108, 109, 110, 111, 112, 113, 114, 115, 116, 117, 118, 119, 120], "mean": [6354.740407967847, 5743.499919442958, 5460.011559180881, 5296.2834869195985, 5176.213138116656, 5095.487475641797, 5070.114287151039, 5037.0907449027945, 4975.3549642026055, 4965.626217043704, 4884.371091203993, 4904.391681206453, 4937.164858128952, 4854.640193132046, 4890.5558853575685, 4823.57566048578, 4881.03301997097, 4871.063355412346, 4911.181943604759, 4879.946284239143, 4892.418540249539, 4924.391847318917, 4867.196188241488, 4872.843807754875, 4846.246075806825, 4841.52192665531, 4904.510786420943, 4916.1327954628, 4887.56997613058, 4895.155987835657, 4927.856713846628, 4969.1150998814965, 4902.499860830885, 4948.218079323602, 4898.504232350966, 4892.2974540352, 4927.667501956525, 4897.74642578419, 4951.266026121381, 4933.305907882011, 4964.576588862867, 4958.212075164794, 4944.672257797898, 4943.914688570036, 4941.379015031157, 4962.8212422150655, 4929.3749588753835, 4951.625232189756, 4917.714633439942, 4932.593581197722, 4976.392799886928, 4994.311149903327, 4975.485030311188, 4938.437496906063, 4966.948147726886, 4981.162779068738, 5007.524469284342, 4980.381244492557, 5028.18136286617, 5002.730640672288, 5015.845480042984, 4972.745653304293, 5012.8931496762625, 5023.490665365912, 5037.3769198922355, 5050.796416608443, 5037.6663408852, 5062.73188044281, 5039.890220973457, 5014.315613688965, 5075.453788535394, 4986.778008480287, 5021.728581309555, 5100.846557035108, 5096.572783612774, 5013.943523172995, 5061.899213127377, 5061.308471551254, 5036.694317761913, 5057.632851275192, 5056.962342931134, 5085.306773971437, 5102.127420187964, 5067.750037919045, 5067.755571967097, 5113.113632387369, 5124.187460191627, 5107.046405897562, 5108.505607450742, 5159.818508844624, 5087.268878019731, 5138.523038976844, 5128.135823400372, 5144.084779057559, 5108.893092968318, 5087.149814386445, 5110.60327799444, 5150.047645783311, 5147.987747083929, 5186.958719306843, 5164.592367606363, 5146.20643431562, 5203.8232210396745, 5215.384731631187, 5156.964201450576, 5151.38008635334, 5188.615449017089, 5189.926874210868, 5211.733171830572, 5229.47268941857, 5158.524989412123, 5255.788903990292, 5200.719356350519, 5206.833362230773, 5239.4979342708775, 5231.5210451468565, 5214.583225578255, 5277.899431161437, 5272.386767490243, 5199.69329694488, 5251.608018581625], "stderr": [292.6770578458957, 282.1509786369088, 278.85499208401166, 278.42665791255973, 272.86899830222677, 272.0255959347494, 265.4666396914555, 272.3659371369559, 262.4498742880539, 269.35006542365966, 263.48865630017724, 261.4252405794769, 269.12016659480986, 258.6489940566938, 265.6172891900025, 259.104385852116, 266.4766505575598, 260.8426198285202, 266.1429627109135, 262.83139720913823, 267.0185124140679, 269.749539031241, 263.76887929744197, 268.9707715862269, 261.9545674581442, 262.39189106289604, 263.7627632284079, 265.4453879415862, 265.2292968134311, 265.22550988313014, 266.24078573865467, 271.57337786498704, 264.09906824879715, 268.05963992840077, 265.00665895458, 268.9394212360023, 264.45563698691006, 261.77582921190105, 268.5823384022844, 268.3854355917908, 267.89209477175524, 268.8006686450462, 267.7795710999873, 267.6755658547522, 266.8809162675239, 269.7378097163886, 262.7204031876309, 267.02098366176057, 261.9491669810593, 263.40290070667214, 266.7316098598485, 271.39008701032674, 270.32325893925486, 265.7913069776998, 267.7831280366812, 269.1772418351119, 269.9681828063339, 268.8796457366625, 270.8113518907923, 269.7455247640587, 269.0904727946136, 266.0263758575913, 266.59189536181896, 272.75321144277433, 271.7155873292564, 272.6064395063788, 268.8771820035587, 271.72720130941207, 270.5979390237554, 268.05612971162117, 271.3354331742336, 268.2119879347738, 270.24395815198267, 274.153502145587, 275.21561823722345, 267.06239315669507, 269.7719174957126, 271.31088062197733, 268.47656183915035, 270.21286954336574, 269.2719166246462, 271.3113170538383, 274.2977804551659, 271.1597851529568, 269.7324906188688, 274.0335864268121, 276.4005338269721, 272.5817654704223, 274.1097449564232, 274.0675409387826, 269.1087472793832, 274.1798107457997, 267.3484168843069, 274.21897741047025, 270.0550466508081, 271.2172493731596, 273.52658821206484, 271.1549367699298, 275.9707346008406, 278.31971271633205, 272.75041413783106, 269.3898404762457, 280.5391489581882, 280.3603360600259, 271.17232383350586, 269.26372167616825, 270.4678665893565, 272.7066707455185, 275.20198057478353, 278.8805927354847, 271.8160680064606, 278.80480719126314, 277.14406738596165, 274.19157959878527, 275.2090858894004, 274.94341674694414, 275.64560865426154, 276.4460414851213, 274.358427661846, 274.70910801213864, 277.8312052187956], "minimum": [15, 4823.57566048578], "n_nodes": 120, "n_runs": [100], "n_simulations": 1000, "graph_type": "waxman", "scale_total_budget": 1, "step_size": 1, "statistic": "rms", "mode_choose_sentinels": "degree"}