{"sentinels": [0, 1, 2, 3, 4, 5, 6, 7, 8, 9, 10, 11, 12, 13, 14, 15, 16, 17, 18, 19, 20, 21, 22, 23, 24, 25, 26, 27, 28, 29, 30, 31, 32, 33, 34, 35, 36, 37, 38, 39, 40, 41, 42, 43, 44, 45, 46, 47, 48, 49, 50, 51, 52, 53, 54, 55, 56, 57, 58, 59, 60, 61, 62, 63, 64, 65, 66, 67, 68, 69, 70, 71, 72, 73, 74, 75, 76, 77, 78, 79, 80, 81, 82, 83, 84, 85, 86, 87, 88, 89, 90, 91, 92, 93, 94, 95, 96, 97, 98, 99, 100, 101, 102, 103, 104, 105, 106, 107, 108, 109, 110, 111, 112, 113, 114, 115, 116, 117, 118, 119, 120], "mean": [7281.082888911603, 6390.222973916973, 6044.045368562092, 5754.992718879632, 5594.525560574748, 5511.899016882481, 5402.984622155616, 5373.3265310059605, 5323.110155357226, 5348.415126289965, 5285.376252570454, 5277.784625559633, 5245.500328799159, 5220.963672801813, 5260.586136833744, 5252.404453866167, 5225.20517379406, 5231.144750935615, 5243.389096063827, 5268.690089347486, 5232.060201193976, 5263.3021296718325, 5236.2916393783535, 5256.250878373623, 5296.445866023534, 5266.850973069242, 5311.501783021948, 5287.690682024596, 5293.477317455803, 5308.003447387132, 5302.928181538472, 5285.288624070297, 5341.968103412509, 5341.318547557818, 5327.12057873635, 5339.521763899019, 5324.397452565468, 5329.066248621163, 5340.134729421285, 5355.692688541105, 5322.115233514678, 5391.860579944608, 5344.4029857036, 5378.162750624976, 5385.58220394606, 5407.648609618967, 5390.586477363682, 5394.31604746513, 5405.089569283484, 5421.981855053801, 5421.0557312685205, 5423.465087157914, 5440.107915753479, 5463.512281514491, 5443.133575525582, 5475.603521796984, 5475.488757366506, 5492.466937163059, 5402.794466412381, 5480.197530901554, 5515.4191007815125, 5524.075944726544, 5527.817298054757, 5500.18865511084, 5483.862037361152, 5496.483482338176, 5512.696027914969, 5473.417021738412, 5510.254370802657, 5510.949533766443, 5547.37742931772, 5501.080111320081, 5545.061448336304, 5545.313716503585, 5570.377128789982, 5495.279701199527, 5537.822745273117, 5517.425183654988, 5539.070607572853, 5534.22561013516, 5581.2864519492405, 5571.224737398046, 5568.105082281849, 5576.508750326905, 5611.462295575778, 5571.054436397989, 5594.769979243006, 5639.792283130688, 5607.254707969474, 5620.575630700287, 5583.413088361097, 5612.991425379846, 5594.929592662315, 5614.667855759343, 5619.53209255428, 5643.487246547708, 5641.638867444377, 5635.224574138925, 5617.341230442409, 5601.002451697701, 5670.505693035902, 5619.000010335299, 5694.567156070358, 5655.505391848387, 5719.112529739476, 5671.921727011675, 5670.9986601343435, 5729.81641548904, 5674.5174220981135, 5657.073816891011, 5686.590341581373, 5692.999726855709, 5718.664664740229, 5694.438817022742, 5712.5410108941405, 5733.345283077208, 5719.07549607255, 5729.2400394902725, 5717.713885324536, 5779.462852539381, 5753.948957937066], "stderr": [280.20646806735243, 269.1984161053357, 262.6162216591009, 255.30413617289958, 251.52953029451268, 250.43347909918685, 248.09993495971705, 249.67547679609953, 245.95122492382447, 248.5355057086328, 246.1713003153583, 246.34136293343133, 245.85232476617762, 246.61444985683335, 245.0254282144842, 245.31836621144566, 242.83404585002938, 245.9111560647741, 245.9112502091089, 244.50638539776682, 243.87679425758424, 243.36431853184865, 245.17455220961813, 246.37712168945345, 248.82425330855938, 246.7257086800546, 245.6031476924204, 245.71520930797794, 246.91695132119105, 246.74494447738397, 245.9136695272482, 245.4275802448768, 246.1099998189083, 247.11850935072596, 247.86127948447717, 249.87812319958113, 245.49722942770632, 248.65577199226388, 247.0519072686102, 243.65072951013235, 248.1815275655087, 249.37408093465606, 247.15510228293186, 252.09714831844087, 248.2922467119408, 250.08312122135882, 244.88631815975387, 245.47022333823395, 249.40992662584856, 248.3315153548977, 248.72929804731623, 250.01890210932808, 249.6456355777024, 251.86566368980823, 250.4158122236919, 252.9025213729557, 250.78432873506847, 252.65727414229184, 248.24115970288753, 252.0255691034572, 254.78432647059125, 250.7788246249062, 250.7435848792342, 253.06664243188467, 248.23736461747805, 251.56445794837873, 251.49826328231634, 249.22704378169985, 249.38618138683762, 251.38123320298092, 251.9398896028556, 249.60068002956862, 251.99471835522903, 252.4009657054757, 251.48824413162922, 248.38655868511188, 248.4889920151032, 249.7730685426531, 252.1923175420136, 250.24191751628894, 252.68001223343225, 251.4681207252496, 247.96125959193722, 251.71739624412737, 254.82976577093137, 253.43423910539494, 253.5180479515404, 256.30292822778915, 255.10441313579975, 252.90193881186966, 251.32937956411232, 253.85529185010228, 253.4270742144059, 256.20528431624905, 252.14087691996323, 251.50072546776957, 254.90451488211073, 254.79493636326768, 251.78561706168924, 250.28834087519118, 255.73334541146534, 253.6118792027233, 258.1729036101487, 253.53788338613236, 256.7717398086714, 254.81894735149334, 256.12050739379873, 259.9342351850291, 255.10009911744382, 251.24576016390904, 257.489076504958, 253.25610478132455, 257.49433927500075, 256.4394706613911, 256.00812709071704, 256.70217364876396, 257.17902378027344, 256.18035778868534, 253.53787814256228, 259.4233126443753, 254.06881289899007], "minimum": [13, 5220.963672801813], "n_nodes": 120, "n_runs": [100], "n_simulations": 1000, "graph_type": "ba", "scale_total_budget": 1, "step_size": 1, "statistic": "rms", "mode_choose_sentinels": "degree"}