{"sentinels": [0, 443, 886, 1329, 1772, 2215, 2658, 3101, 3544, 3987, 4430, 4873, 5316, 5759, 6202, 6645, 7088, 7531, 7974, 8417, 8860, 9303, 9746, 10189, 10632, 11075, 11518, 11961, 12404, 12847, 13290, 13733, 14176, 14619, 15062, 15505, 15948, 16391, 16834, 17277, 17720, 18163, 18606, 19049, 19492, 19935, 20378, 20821, 21264, 21707, 22150, 22593, 23036, 23479, 23922, 24365, 24808, 25251, 25694, 26137, 26580, 27023, 27466, 27909, 28352, 28795, 29238, 29681, 30124, 30567, 31010, 31453, 31896, 32339, 32782, 33225, 33668, 34111, 34554, 34997, 35440, 35883, 36326, 36769, 37212, 37655, 38098, 38541, 38984, 39427, 39870, 40313, 40756, 41199, 41642, 42085, 42528, 42971, 43414, 43857, 44300, 44743, 45186, 45629, 46072, 46515, 46958, 47401, 47844, 48287, 48730, 49173, 49616, 50059, 50502, 50945, 51388, 51831, 52274, 52717, 53160, 53603, 54046, 54489, 54932, 55375, 55818, 56261, 56704, 57147, 57590], "mean": [15447.973872042267, 9568.850713127991, 8043.505286393882, 7668.568228842681, 7212.840618530233, 7109.5785889855015, 7149.584148067639, 7002.726675693482, 7139.580689557237, 7182.586255267034, 7259.3694216001095, 7341.771414023298, 7496.72443601858, 7279.827120936435, 7406.14482769356, 7578.305632155256, 7736.326331852411, 7494.745654631044, 7421.728015659855, 7614.377033519866, 7651.179885778263, 7404.454893338128, 7865.019020875416, 7674.389469067697, 7908.411962837956, 7883.433584105949, 7719.046528797982, 7874.380470209371, 8005.265353762143, 7994.384781247351, 8235.397906794791, 8058.995857153223, 8306.066869398353, 7979.158595946939, 8144.314534602929, 8158.905799086506, 8207.463421734179, 8380.481581556942, 8043.064956383573, 8359.371859743911, 8604.057584578213, 8641.15493081641, 8509.171481846348, 8783.3665220047, 9029.369855226574, 8646.71032854775, 9078.059070288116, 8337.058637772705, 8463.91491898373, 8889.789756513652, 8883.038241783364, 8530.529773647146, 9094.97822695917, 8903.616531655225, 8796.031945933262, 8830.684693329307, 8993.332590787564, 8660.54857174609, 8977.6700853008, 9035.346399327624, 9093.241887163938, 9111.107311637124, 9467.370071938163, 9380.417411482387, 9289.364062353441, 9449.60260915613, 9125.458978995752, 9383.842796947092, 9212.602242699417, 9428.484057543854, 9446.54157144353, 9604.683915718726, 9336.992752304282, 9277.897852377491, 9655.648493757793, 9643.546320566626, 9597.389304538965, 9643.936280432585, 9473.806787520092, 9546.100932039302, 9432.588122895435, 9773.546924146149, 9558.938960119034, 9850.204202498833, 9597.310029764936, 9882.155704409859, 9930.27701138677, 9908.982350634136, 9861.25506848268, 9778.486176240822, 9927.690345293266, 10673.987342341099, 10127.20714355775, 9962.844587392727, 10010.401626402383, 9769.001406643498, 9722.442301218198, 9979.344850244159, 9753.438213055259, 10210.288560938085, 10095.856958660032, 9789.845937562595, 10320.490324118144, 9944.437210224885, 10113.730847803328, 10015.676851946568, 10469.099386403665, 10385.031488062376, 10437.298244206508, 10059.658353341245, 10532.27409138991, 10261.50457412421, 9699.86345781285, 10858.588744600585, 10398.00281462096, 10969.020067573994, 10247.550192135692, 10681.802932990202, 10416.145279551718, 10819.493287615554, 10558.899657955399, 10177.447573376947, 10345.823685228766, 10442.427251903731, 10514.150760517256, 10877.018633512058, 10377.782305101397, 10341.458142274501, 10011.41323504761, 10479.999958718388, 10085.358241667742], "stderr": [1154.797894165319, 499.28876740917485, 322.39605960099044, 334.9799739851691, 275.7238910929546, 287.3203513794148, 311.58973756269404, 293.681742078877, 328.43589883254884, 339.01585400687344, 355.58613946346895, 351.88912428630016, 368.7565528081208, 331.45183675461413, 386.96102462991473, 459.0132979667651, 414.7616572558965, 373.1062521793676, 372.8478028900529, 391.53774989640954, 411.46939585134527, 368.5372540439838, 410.065671592536, 397.6366802230715, 431.0581240052854, 394.57686654360583, 396.46545240216074, 466.67612401705264, 445.48585261289185, 477.4968069953003, 490.526477923197, 440.3555466928236, 487.0649355240137, 426.2239593487462, 448.3642979983908, 476.6557946335641, 443.35914425939495, 465.9473322599914, 401.6896043174896, 483.72439673913686, 508.26734799248146, 530.9827080473806, 484.32363349066327, 521.3409621620157, 627.4409143997419, 469.73831472615257, 544.664071613245, 454.4650574665163, 491.0400633489211, 514.8040494698434, 526.2228715229783, 446.3820535739415, 579.6563845896077, 531.5792887469593, 515.6977633962352, 528.7274844332504, 547.9120727416966, 546.1052504579857, 571.9705745594845, 527.3809272897896, 560.4171189230334, 611.7910227584161, 653.1226546515404, 598.0265938497599, 559.1821957674388, 643.4564931298088, 568.248562481379, 556.1589094649149, 529.8113396306678, 583.357453252879, 651.4497191981424, 606.7622860140667, 573.4432657943191, 634.05354689754, 613.7999024735918, 618.8892506946781, 634.1977242853574, 605.0519461892706, 595.101647610151, 630.1734778130207, 633.4884915259313, 647.8793193649825, 620.4519118887027, 605.1906631774165, 616.9879771114884, 700.2553909321653, 679.3633247940629, 655.5269472700146, 629.7155994325947, 586.7794487593425, 609.9171008120024, 843.0419990197852, 723.9853617015964, 671.7803990111023, 677.3035107119011, 611.273389329805, 581.4016039917884, 645.4125396629861, 591.0402135830152, 698.2278558203503, 636.9248256888507, 609.0287891701488, 718.926082661376, 663.6661786215652, 733.8391647216735, 699.4160783474381, 744.9893241088001, 641.7812133310591, 735.6848164830106, 679.0548295188574, 708.6535748188361, 825.8217057163633, 598.0303639027086, 734.6642664406692, 644.9776549098669, 753.9961773702191, 774.5919109433936, 881.53670536285, 674.6924988726178, 728.061542259361, 669.296945896062, 663.0202436606027, 738.882777921284, 754.957933913378, 705.2056665402732, 802.6759297223738, 661.2335730520372, 694.0844522072485, 605.5221408592365, 765.8267766981837, 624.4065765432546], "minimum": [3101, 7002.726675693482], "n_nodes": 57590, "n_runs": [10], "n_simulations": 1000, "graph_type": "syn", "scale_total_budget": 1, "step_size": 443, "statistic": "rms", "mode_choose_sentinels": "capacity"}