{"sentinels": [0, 2215, 4430, 6645, 8860, 11075, 13290, 15505, 17720, 19935, 22150, 24365, 26580, 28795, 31010, 33225, 35440, 37655, 39870, 42085, 44300, 46515, 48730, 50945, 53160, 55375, 57590], "mean": [15486.517226157914, 7229.355210725815, 7154.412168686997, 7361.833369544019, 7793.846450314028, 7676.010349352919, 8177.6418861927405, 8202.991992309046, 8552.052794163523, 8406.164193399543, 8904.648039753489, 8904.036365439839, 8829.205465480565, 9005.83186591439, 9517.678134639933, 9624.552066218956, 9820.92938412308, 9543.647919664449, 9828.845924241537, 9717.55187544668, 9902.458175273787, 10719.111559758265, 10430.545739893541, 10260.506973818094, 10412.655657228766, 10606.594989326313, 10448.28786067715], "stderr": [1220.7506937135079, 303.1173863747637, 312.13240827014897, 367.6699044098622, 393.41541609717103, 394.9462122009571, 491.5151450331369, 475.047515025405, 494.5871169108611, 518.5140614114731, 546.4900228123023, 508.2558602715655, 533.7443920558612, 571.4269585823715, 602.6787625771213, 616.4929801172224, 615.5891402985807, 617.8047949893521, 611.5267933701015, 638.0193269629752, 637.9539823819235, 748.8197874337274, 762.9124447534248, 688.9966820397734, 689.3402481609027, 679.6082183432856, 778.9806445601646], "minimum": [4430, 7154.412168686997], "n_nodes": 57590, "n_runs": [10], "n_simulations": 1000, "graph_type": "syn", "scale_total_budget": 1, "step_size": 2215, "statistic": "rms", "mode_choose_sentinels": "capacity"}