{"sentinels": [0, 2215, 4430, 6645, 8860, 11075, 13290, 15505, 17720, 19935, 22150, 24365, 26580, 28795, 31010, 33225, 35440, 37655, 39870, 42085, 44300, 46515, 48730, 50945, 53160, 55375, 57590], "mean": [15832.409113441065, 5978.382709485295, 6534.449627448111, 6843.949044475832, 7214.963513534507, 7576.998782191513, 7968.6130574880135, 7955.570145688876, 8404.715986696678, 8632.067408193687, 8575.211470493634, 8976.805250179483, 8809.348332458425, 9222.50279421631, 9103.666140603147, 9697.18676547897, 10175.175138383684, 9625.228996971407, 9731.238845039388, 10032.801559078607, 9907.452518286718, 10291.301059201985, 10029.359229342968, 10056.468357472104, 10486.764487278038, 10242.012874434027, 10612.71953630927], "stderr": [1226.1133108895956, 295.0262497340977, 329.1127172713376, 354.99012278941996, 392.43563369669295, 427.2231086779441, 466.56845071381036, 416.8055200070641, 560.5995434755758, 543.9926741481912, 491.8296226872331, 584.1482721794666, 523.614699053084, 622.9837382101625, 564.4289003062796, 604.4478914657228, 727.6578487803571, 579.5798949728239, 749.3895163578711, 673.8731751412058, 658.9507434197068, 685.9615296987068, 575.2167829919988, 673.6978094133605, 746.6222554589255, 678.1494360194158, 694.3735152681307], "minimum": [2215, 5978.382709485295], "n_nodes": 57590, "n_runs": [10], "n_simulations": 1000, "graph_type": "syn", "scale_total_budget": 1, "step_size": 2215, "statistic": "rms", "mode_choose_sentinels": "degree"}