{"sentinels": [0, 443, 886, 1329, 1772, 2215, 2658, 3101, 3544, 3987, 4430, 4873, 5316, 5759, 6202, 6645, 7088, 7531, 7974, 8417, 8860, 9303, 9746, 10189, 10632, 11075, 11518, 11961, 12404, 12847, 13290, 13733, 14176, 14619, 15062, 15505, 15948, 16391, 16834, 17277, 17720, 18163, 18606, 19049, 19492, 19935, 20378, 20821, 21264, 21707, 22150, 22593, 23036, 23479, 23922, 24365, 24808, 25251, 25694, 26137, 26580, 27023, 27466, 27909, 28352, 28795, 29238, 29681, 30124, 30567, 31010, 31453, 31896, 32339, 32782, 33225, 33668, 34111, 34554, 34997, 35440, 35883, 36326, 36769, 37212, 37655, 38098, 38541, 38984, 39427, 39870, 40313, 40756, 41199, 41642, 42085, 42528, 42971, 43414, 43857, 44300, 44743, 45186, 45629, 46072, 46515, 46958, 47401, 47844, 48287, 48730, 49173, 49616, 50059, 50502, 50945, 51388, 51831, 52274, 52717, 53160, 53603, 54046, 54489, 54932, 55375, 55818, 56261, 56704, 57147, 57590], "mean": [16173.337179645041, 8067.156482513876, 6191.972014044508, 5745.664533466039, 5847.956421354694, 6145.6938102587355, 6183.392497456412, 6287.822456116495, 6518.029401004134, 6561.753144941, 6642.189796475771, 6589.508539059451, 6641.780799574974, 6766.332458176888, 6905.896570987577, 6798.194655262383, 7300.320490363299, 7210.439641838569, 7175.07956766976, 7151.296636848277, 7286.162220092034, 7325.02884170615, 7544.841272954107, 7611.324916821599, 7689.340065526876, 7546.023934634759, 7808.480899148222, 7833.935775219256, 7668.164555043108, 8127.030740102139, 7941.267676149842, 8143.165276438781, 7655.926088350449, 8181.084588152502, 8261.47024189384, 8087.115511031543, 8443.470435830142, 7990.010393566347, 8101.26678941234, 8349.543163899165, 8821.680112821788, 8596.42319306533, 8463.862678353144, 8845.037692489557, 8351.371446656489, 8612.755338219673, 8408.877879553944, 8707.644744675441, 8512.164594195314, 8866.78480017163, 8931.64293914139, 8798.581515803176, 8844.561665907331, 9016.283810631765, 8989.203493043848, 8902.573147503148, 8894.561003124043, 8905.037484738907, 9005.479653263817, 8686.00337255252, 9185.24977667716, 8949.160789755557, 9033.371109890239, 8927.124845893892, 9380.255090618166, 9224.80074169093, 9383.172279435732, 9475.890966877614, 9269.332372146655, 9370.21434708211, 9367.67422687014, 9721.275053826988, 9653.439574898066, 9703.801275480211, 9408.902649435313, 9653.118787725954, 9478.77293683382, 9479.868202081409, 9486.200961587556, 9654.333564945551, 9619.295543920898, 9709.186162647708, 9577.12549198984, 10052.74569238882, 9721.501317538254, 9484.724075576927, 9742.562155911417, 9940.821943751105, 9915.513007138228, 9625.38838720568, 9920.057664802656, 9666.325441035024, 9888.104631578386, 10424.196938672598, 10011.781782747192, 9877.419886760143, 10164.670910028664, 9776.872110824626, 9867.02148050407, 10076.691134139663, 10005.18860694657, 10294.187794818474, 10026.492792986754, 10212.277256397323, 10097.679412852574, 10244.209706908543, 10228.69493203109, 10181.642983179136, 9800.001362640473, 10087.7673211596, 10323.9059268469, 10491.608277863266, 10244.58221492139, 10279.074976341717, 10270.213971781053, 10242.573025020081, 10154.985239273952, 10384.815049985944, 10739.502158937878, 10440.81869822108, 10239.206453069753, 10647.680964047488, 10797.309025013641, 10299.886166350567, 10478.942678460724, 10540.769266215968, 10329.855173760665, 10499.12400880636, 10366.24255344856, 10353.211395639086, 10404.747016250903], "stderr": [1337.4748110705211, 446.51420874572193, 288.0872922495006, 249.05786637036513, 300.0935723821781, 306.4744405655721, 300.83783563997105, 315.48823902492745, 331.85273805339165, 328.716900670731, 381.1424960515301, 345.38572860041205, 318.21072928608055, 342.31591364369126, 381.0203961614297, 349.0718586044366, 421.63690849751316, 412.5233215231352, 348.75969954551357, 379.7717497833257, 399.0172249509463, 395.50965447141107, 444.40849339914115, 426.54600875165414, 506.95324043053944, 412.71793341601176, 443.5039759554927, 440.9400879237091, 440.47672573390247, 508.5014823378662, 459.92807518244143, 486.0513646178955, 425.0514277793848, 461.66401891780913, 469.7220766504508, 463.7915522629476, 454.5280599599309, 444.40291840658506, 476.7746503826855, 506.3032192215555, 556.7344579685331, 526.279274925181, 541.0016792739794, 544.9108694835727, 475.2145994734199, 501.13226549942954, 516.4118108049727, 545.3627784462793, 518.3187289197174, 499.7644266621689, 565.6035667441588, 543.7318965314283, 565.0035231041293, 641.2626082402492, 547.4704835783366, 544.9145369286115, 499.9399777431963, 531.5213621772588, 533.8326609708448, 497.4312244412323, 567.9079452506949, 521.3553371657483, 560.6556739443846, 570.4426922000565, 584.3393543595683, 555.6542458297139, 610.1197070516113, 633.0690259275743, 583.4886288947268, 565.814673310024, 592.3651244893681, 749.7505833304751, 675.0748767023463, 676.3198566145, 596.8996333554866, 641.3240709284955, 607.8500247917901, 625.2835958270638, 658.2956330304586, 650.0331466414539, 628.875035364815, 634.0654636560221, 592.7282641672963, 742.7408714672521, 622.7250922564621, 543.1657204395237, 622.2806201245129, 719.3962818728816, 642.3852351691202, 589.4629003116698, 665.2139852530984, 591.7270638341258, 696.8438098920155, 755.7502070818637, 669.9185132611042, 681.8604506789528, 698.7010413217182, 673.4441088396993, 682.3383047107109, 621.2903892271896, 654.488281162519, 757.4957850343944, 673.8171769427315, 707.8187308923988, 674.1619893435951, 736.4064041712041, 777.9455366902267, 615.7310858264347, 678.0842938362111, 655.7604130732965, 701.3735190741439, 707.0861106390057, 691.7260184858796, 643.0648245588679, 670.5507142565482, 693.5747349331971, 656.7522650752568, 700.4025408968527, 765.5764351316818, 725.9091572893045, 663.7175897395069, 788.2863981883143, 820.3724279622498, 690.7276573535111, 708.6867986580261, 727.265803502811, 723.9713894885281, 738.6231561299643, 739.2052284951951, 657.1291943582803, 746.2269249117589], "minimum": [1329, 5745.664533466039], "n_nodes": 57590, "n_runs": [10], "n_simulations": 1000, "graph_type": "syn", "scale_total_budget": 1, "step_size": 443, "statistic": "rms", "mode_choose_sentinels": "degree"}